{"cameraMode":{"drawMode":0,"name":"Shaded","section":"Shading Mode"},"sceneLighting":false,"audioPlay":false,"sceneViewState":{"showFog":true,"showMaterialUpdate":false,"showSkybox":true,"showFlares":true,"showImageEffects":true,"showParticleSystems":true},"in2DMode":false,"pivot":{"x":0.009999997913837433,"y":0.5600000023841858,"z":-6.260000228881836},"rotation":{"x":-0.160516619682312,"y":0.28200364112854006,"z":-0.04791714623570442,"w":-0.944675862789154},"size":1.4289418458938599,"orthographic":false}